codigo;filial;forecast;estoque_in_house;estoque_livre;compras;transferencias;politica;base_NS;ns;ns_ex_bo_total;ns_ex_bo_ttl_parc
86;1023;10;76;76;0;0;30;Sim;1;1;1
86;1021;0;5;5;0;0;30;Sim;1;1;1
86;1010;1;2;2;0;0;30;Sim;1;1;1
86;1009;4;13;12;0;0;30;Sim;1;1;1
86;1003;0;12;12;0;0;30;Sim;1;1;1
86;1002;1;20;20;0;0;30;Sim;1;1;1
86;1001;2;1;1;0;0;30;Sim;1;1;1
164;1009;0;1;1;0;0;30;Sim;1;1;1
164;1003;0;12;12;0;0;30;Sim;1;1;1
167;1030;0;3;3;0;0;45;Sim;1;1;1
183;1030;0;3;3;0;0;45;Sim;1;1;1
183;1021;29;576;575;0;0;45;Sim;1;1;1
183;1010;411;136;136;640;0;45;Sim;1;1;1
183;1009;2197;1011;988;3160;100;45;Sim;1;1;1
183;1003;127;461;431;0;0;45;Sim;1;1;1
183;1002;3773;4462;4332;3060;0;45;Sim;1;1;1
183;1001;1581;3074;3031;380;0;45;Sim;1;1;1
205;1021;272;170;1;190;0;45;Sim;1;1;1
205;1010;367;480;480;160;0;45;Sim;1;1;1
205;1009;2734;20;10;5020;0;45;Sim;0.301003344481605;0.301003344481605;0.301003344481605
205;1003;242;140;60;170;0;45;Sim;1;1;1
205;1002;3185;20;10;5600;0;45;Sim;0.274390243902439;0.274390243902439;0.274390243902439
205;1001;1803;2080;2050;1160;0;45;Sim;1;1;1
214;1021;12;54;54;0;0;60;Sim;1;1;1
214;1009;0;3;100;0;0;60;Sim;1;1;1
215;1021;31;201;201;0;0;60;Sim;1;1;1
215;1010;315;1069;1069;0;0;60;Sim;1;1;1
215;1009;0;0;0;0;0;60;Sim;1;1;1
215;1003;926;1063;1063;1300;0;60;Sim;1;1;1
215;1001;0;0;0;0;0;60;Sim;1;1;1
235;1024;0;140;140;0;0;50;Sim;1;1;1
235;1021;722;670;670;1080;0;50;Sim;1;1;1
235;1010;171;84;84;180;0;50;Sim;1;1;1
235;1009;2355;536;5;5380;0;50;Sim;1;1;1
235;1003;76;0;0;180;0;50;Sim;0;0;0
235;1002;905;37;0;1960;0;50;Sim;1;1;1
235;1001;1495;12;0;3960;0;50;Sim;0.251338142890389;0.251338142890389;0.251338142890389
246;1002;0;0;0;48;0;60;Sim;1;1;1
246;1001;0;0;0;36;0;60;Sim;1;1;1
248;1021;22;388;377;0;0;45;Sim;1;1;1
248;1010;89;586;586;10;0;45;Sim;1;1;1
248;1009;274;148;118;0;290;45;Sim;1;1;1
248;1003;3;799;799;0;0;45;Sim;1;1;1
248;1002;306;314;314;0;0;45;Sim;1;1;1
248;1001;344;591;561;0;0;45;Sim;1;1;1
272;1010;4;10;10;0;0;45;Sim;1;1;1
272;1009;18;10;8;30;0;45;Sim;1;1;1
272;1003;0;20;20;0;0;45;Sim;1;1;1
272;1002;161;30;30;400;0;45;Sim;1;1;1
272;1001;29;10;0;70;0;45;Sim;1;1;1
280;1021;2076;2214;1700;0;0;45;Sim;1;1;1
280;1010;964;9312;9312;10;0;45;Sim;1;1;1
280;1009;1617;1880;1566;0;0;45;Sim;1;1;1
280;1003;369;708;708;0;0;45;Sim;1;1;1
280;1002;3639;6258;6228;10;0;45;Sim;1;1;1
280;1001;5740;22766;21740;0;0;45;Sim;1;1;1
299;1021;146;120;83;140;0;45;Sim;1;1;1
299;1010;15;50;50;0;0;45;Sim;1;1;1
299;1009;82;170;154;0;0;45;Sim;1;1;1
299;1002;133;160;160;20;0;45;Sim;1;1;1
299;1001;175;200;121;120;0;45;Sim;1;1;1
307;1010;282;396;287;0;0;60;Sim;1;1;1
307;1009;0;12;12;0;0;60;Sim;1;1;1
307;1001;0;0;0;0;0;60;Sim;1;1;1
310;1021;15;4;4;14;0;45;Sim;1;1;1
310;1010;46;99;91;4;0;45;Sim;1;1;1
310;1009;13;7;4;6;0;45;Sim;1;1;1
310;1003;4;17;17;0;0;45;Sim;1;1;1
310;1002;32;46;43;29;0;45;Sim;1;1;1
310;1001;123;138;130;183;0;45;Sim;1;1;1
329;1021;42;51;49;0;0;45;Sim;1;1;1
329;1010;106;222;222;38;0;45;Sim;1;1;1
329;1009;49;55;29;25;0;45;Sim;1;1;1
329;1003;42;80;80;5;0;45;Sim;1;1;1
329;1002;148;272;272;48;0;45;Sim;1;1;1
329;1001;190;248;184;74;0;45;Sim;1;1;1
336;1021;2;2;2;0;0;60;Sim;1;1;1
336;1010;0;5;5;0;0;60;Sim;1;1;1
336;1009;7;14;14;0;0;60;Sim;1;1;1
336;1002;5;2;2;0;0;60;Sim;1;1;1
336;1001;11;0;0;0;0;60;Sim;0;0;0
339;1002;1;7;7;0;0;60;Sim;1;1;1
339;1001;0;1;1;0;0;60;Sim;1;1;1
340;1002;0;1;1;0;0;60;Sim;1;1;1
340;1001;5;5;5;0;0;60;Sim;1;1;1
341;1023;1;1;1;0;0;45;Sim;1;1;1
341;1021;0;0;0;0;0;45;Sim;0;0;0
341;1009;3;22;22;0;0;45;Sim;1;1;1
341;1003;0;20;20;0;0;45;Sim;1;1;1
341;1002;1;15;15;0;0;45;Sim;1;1;1
341;1001;2;18;18;0;0;45;Sim;1;1;1
345;1021;66;102;70;22;0;45;Sim;1;1;1
345;1010;34;26;26;31;0;45;Sim;1;1;1
345;1009;118;70;0;99;0;45;Sim;1;1;1
345;1003;8;60;60;0;0;45;Sim;1;1;1
345;1002;157;221;207;14;0;45;Sim;1;1;1
345;1001;154;279;253;71;0;45;Sim;1;1;1
353;1021;82;85;61;69;0;45;Sim;1;1;1
353;1010;82;107;36;79;0;45;Sim;1;1;1
353;1009;129;131;92;84;0;45;Sim;1;1;1
353;1003;9;23;3;1;0;45;Sim;1;1;1
353;1002;144;233;222;48;0;45;Sim;1;1;1
353;1001;338;272;239;106;0;45;Sim;1;1;1
360;1010;13;33;33;0;0;60;Sim;1;1;1
360;1009;0;2;2;0;0;60;Sim;1;1;1
360;1002;0;10;10;0;0;60;Sim;1;1;1
360;1001;5;4;4;0;0;60;Sim;1;1;1
361;1021;827;723;415;1059;0;45;Sim;1;1;1
361;1010;371;349;149;475;0;45;Sim;1;1;1
361;1009;1064;1170;734;2151;0;45;Sim;1;1;1
361;1003;48;176;176;76;0;45;Sim;1;1;1
361;1002;986;282;232;341;0;45;Sim;1;1;1
361;1001;2486;2592;2055;1530;0;45;Sim;1;1;1
367;1023;243;500;0;0;0;30;Sim;1;1;1
367;1021;54;800;800;0;0;30;Sim;1;1;1
367;1010;5592;5450;4334;6000;0;30;Sim;1;1;1
367;1009;837;73;15;7000;0;30;Sim;1;1;1
367;1003;297;150;150;1000;0;30;Sim;1;1;1
367;1002;864;1700;1500;0;0;30;Sim;1;1;1
367;1001;3512;3700;3600;0;0;30;Sim;1;1;1
370;1021;356;608;543;57;0;45;Sim;1;1;1
370;1010;493;1750;1750;208;0;45;Sim;1;1;1
370;1009;841;1245;1116;0;0;45;Sim;1;1;1
370;1003;61;216;116;0;0;45;Sim;1;1;1
370;1002;624;788;778;5;2;45;Sim;1;1;1
370;1001;1221;1740;1527;372;0;45;Sim;1;1;1
378;1021;4;17;13;0;0;45;Sim;1;1;1
378;1010;12;26;24;12;0;45;Sim;1;1;1
378;1009;32;84;35;76;0;45;Sim;1;1;1
378;1003;2;2;2;4;0;45;Sim;1;1;1
378;1002;15;16;9;4;0;45;Sim;1;1;1
378;1001;129;11;0;172;0;45;Sim;1;1;1
419;1021;142;12;0;300;0;45;Sim;1;1;1
419;1010;146;240;240;200;0;45;Sim;1;1;1
419;1009;36;30;20;50;0;45;Sim;1;1;1
419;1003;0;20;20;0;0;45;Sim;1;1;1
419;1002;61;90;90;100;0;45;Sim;1;1;1
419;1001;130;130;118;200;0;45;Sim;1;1;1
420;1021;0;3;3;0;0;45;Sim;1;1;1
420;1010;308;810;810;0;0;45;Sim;1;1;1
420;1009;24;40;30;0;0;45;Sim;1;1;1
420;1003;205;90;90;300;0;45;Sim;1;1;1
420;1002;88;83;83;100;0;45;Sim;1;1;1
420;1001;205;200;200;250;0;45;Sim;1;1;1
456;1021;7;5;5;0;0;60;Sim;1;1;1
456;1010;1;2;2;0;0;60;Sim;1;1;1
456;1003;36;39;39;0;0;60;Sim;1;1;1
457;1021;156;138;78;0;0;60;Sim;1;1;1
457;1010;21;39;39;0;0;60;Sim;1;1;1
457;1009;1;2;2;0;0;60;Sim;1;1;1
457;1003;4;10;10;0;0;60;Sim;1;1;1
457;1002;5;458;458;0;0;60;Sim;1;1;1
489;1023;1;8;8;0;0;60;Sim;1;1;1
489;1021;0;1;1;0;0;60;Sim;1;1;1
489;1010;11;14;14;0;0;60;Sim;1;1;1
489;1009;1;2;1;0;0;60;Sim;1;1;1
489;1003;6;10;10;0;0;60;Sim;1;1;1
489;1002;3;11;11;0;0;60;Sim;1;1;1
489;1001;4;1;0;0;4;60;Sim;1;1;1
493;1021;0;15;15;0;0;150;Sim;1;1;1
493;1010;0;4;4;0;0;150;Sim;1;1;1
493;1009;12;33;33;0;0;150;Sim;1;1;1
493;1003;16;157;157;300;0;150;Sim;1;1;1
493;1002;11;42;42;0;0;150;Sim;1;1;1
493;1001;0;25;25;0;0;150;Sim;1;1;1
497;1023;1;0;0;0;0;60;Sim;0;0;0
497;1021;1;0;0;0;2;60;Sim;0;0;0
497;1010;3;8;7;0;0;60;Sim;1;1;1
497;1009;6;9;5;0;0;60;Sim;1;1;1
497;1003;11;0;0;0;13;60;Sim;0;0;0
497;1002;4;4;1;0;0;60;Sim;1;1;1
507;1010;1;2;2;0;0;30;Sim;1;1;1
507;1009;3;3;3;0;0;30;Sim;1;1;1
507;1003;1;1;1;0;0;30;Sim;1;1;1
507;1002;6;2;2;5;0;30;Sim;1;1;1
507;1001;4;1;1;5;0;30;Sim;1;1;1
520;1023;5;45;44;0;0;60;Sim;1;1;1
520;1021;4;4;4;0;0;60;Sim;1;1;1
520;1010;67;59;56;0;0;60;Sim;1;1;1
520;1009;94;3;1;0;0;60;Sim;0.687022900763359;0.687022900763359;0.687022900763359
520;1003;77;3;3;0;0;60;Sim;0.835913312693498;0.835913312693498;0.835913312693498
520;1002;63;0;0;0;0;60;Sim;0;0;0
535;1023;18;14;14;0;0;30;Sim;1;1;1
535;1021;193;451;451;0;0;30;Sim;1;1;1
535;1010;297;313;253;0;0;30;Sim;1;1;1
535;1009;35;240;240;0;0;30;Sim;1;1;1
535;1003;21;200;200;0;0;30;Sim;1;1;1
535;1002;54;123;123;0;0;30;Sim;1;1;1
535;1001;441;442;442;0;0;30;Sim;1;1;1
537;1023;125;132;132;0;0;30;Sim;1;1;1
537;1021;22;359;359;0;0;30;Sim;1;1;1
537;1010;398;343;276;0;0;30;Sim;1;1;1
537;1009;328;611;380;0;0;30;Sim;1;1;1
537;1003;26;0;0;0;0;30;Sim;0;0;0
537;1002;73;126;126;0;0;30;Sim;1;1;1
537;1001;973;1140;1069;0;0;30;Sim;1;1;1
543;1023;1698;2310;2214;2269;0;60;Sim;1;1;1
543;1021;152;766;729;0;0;60;Sim;1;1;1
543;1010;1881;1532;1093;2263;0;60;Sim;1;1;1
543;1009;641;502;189;1616;0;60;Sim;1;1;1
543;1003;3720;912;459;4039;0;60;Sim;1;1;1
543;1002;1560;3406;3406;2093;0;60;Sim;1;1;1
578;1021;149;126;0;0;0;60;Sim;1;1;1
578;1009;2;4;0;0;0;60;Sim;1;1;1
680;1023;113;201;198;0;0;30;Sim;1;1;1
680;1021;22;77;77;0;0;30;Sim;1;1;1
680;1010;571;1139;1132;0;0;30;Sim;1;1;1
680;1009;179;297;255;0;0;30;Sim;1;1;1
680;1003;16;88;88;0;0;30;Sim;1;1;1
680;1002;71;90;90;0;0;30;Sim;1;1;1
680;1001;562;530;530;0;0;30;Sim;1;1;1
701;1023;230;277;275;0;0;30;Sim;1;1;1
701;1021;115;214;214;0;0;30;Sim;1;1;1
701;1010;534;1177;954;0;0;30;Sim;1;1;1
701;1009;189;532;441;160;0;30;Sim;1;1;1
701;1003;29;0;0;0;32;30;Sim;0;0;0
701;1002;103;238;238;0;0;30;Sim;1;1;1
701;1001;1084;1377;1372;0;0;30;Sim;1;1;1
710;1023;109;100;100;0;0;30;Sim;1;1;1
710;1021;4;1794;1794;0;0;30;Sim;1;1;1
710;1010;115;451;450;0;0;30;Sim;1;1;1
710;1009;228;802;686;0;0;30;Sim;1;1;1
710;1003;6;197;197;0;0;30;Sim;1;1;1
710;1002;16;41;41;0;0;30;Sim;1;1;1
710;1001;460;945;945;0;0;30;Sim;1;1;1
742;1003;13;3471;3471;0;0;60;Sim;1;1;1
744;1023;12;80;80;0;0;30;Sim;1;1;1
744;1010;86;134;134;0;0;30;Sim;1;1;1
744;1009;109;505;505;0;0;30;Sim;1;1;1
744;1003;120;397;397;0;0;30;Sim;1;1;1
744;1002;17;55;55;0;0;30;Sim;1;1;1
744;1001;506;194;169;0;0;30;Sim;1;1;1
756;1024;0;10;9;0;0;60;Sim;1;1;1
756;1023;442;1061;781;0;0;60;Sim;1;1;1
756;1009;0;7;7;0;0;60;Sim;1;1;1
756;1003;12;42;42;0;0;60;Sim;1;1;1
756;1002;4;50;50;0;0;60;Sim;1;1;1
756;1001;20;244;227;0;0;60;Sim;1;1;1
760;1023;0;228;228;0;0;30;Sim;1;1;1
760;1021;0;2;2;0;0;30;Sim;1;1;1
760;1010;72;173;173;0;0;30;Sim;1;1;1
760;1009;79;236;236;0;48;30;Sim;1;1;1
760;1003;141;171;171;0;0;30;Sim;1;1;1
760;1002;3;28;28;0;0;30;Sim;1;1;1
760;1001;548;846;846;0;0;30;Sim;1;1;1
779;1023;8;59;47;0;0;30;Sim;1;1;1
779;1010;163;401;401;0;0;30;Sim;1;1;1
779;1009;2;78;78;0;72;30;Sim;1;1;1
779;1003;80;270;270;0;0;30;Sim;1;1;1
779;1002;11;48;48;0;0;30;Sim;1;1;1
779;1001;223;126;126;204;0;30;Sim;1;1;1
817;1023;234;1802;1802;0;0;30;Sim;1;1;1
817;1021;12;182;182;0;0;30;Sim;1;1;1
817;1010;2503;2061;2024;0;0;30;Sim;1;1;1
817;1009;1337;1679;1573;0;0;30;Sim;1;1;1
817;1003;0;166;166;0;0;30;Sim;1;1;1
817;1002;1625;1756;1743;0;0;30;Sim;1;1;1
817;1001;1008;1672;1597;0;0;30;Sim;1;1;1
825;1023;0;24;24;0;0;30;Sim;1;1;1
825;1021;1;425;425;0;0;30;Sim;1;1;1
825;1010;15;88;88;0;0;30;Sim;1;1;1
825;1009;66;195;195;0;0;30;Sim;1;1;1
825;1003;50;78;78;0;0;30;Sim;1;1;1
825;1002;42;186;186;0;0;30;Sim;1;1;1
825;1001;382;177;177;0;0;30;Sim;1;1;1
833;1023;0;21;21;0;0;30;Sim;1;1;1
833;1021;116;32;32;154;0;30;Sim;1;1;1
833;1010;77;137;127;0;0;30;Sim;1;1;1
833;1009;14;40;40;0;0;30;Sim;1;1;1
833;1003;17;47;47;0;0;30;Sim;1;1;1
833;1002;44;119;119;0;0;30;Sim;1;1;1
833;1001;268;575;575;0;0;30;Sim;1;1;1
841;1023;1146;1762;1762;0;0;30;Sim;1;1;1
841;1021;0;45;45;0;0;30;Sim;1;1;1
841;1010;1062;2219;1931;0;0;30;Sim;1;1;1
841;1009;1347;1780;1487;0;0;30;Sim;1;1;1
841;1003;230;289;289;0;120;30;Sim;1;1;1
841;1002;844;1672;1657;0;0;30;Sim;1;1;1
841;1001;2336;2649;2545;0;0;30;Sim;1;1;1
845;1024;21;9;4;27;0;60;Sim;1;1;1
845;1023;6;19;16;0;0;60;Sim;1;1;1
845;1021;15;36;23;0;0;60;Sim;1;1;1
845;1010;0;1;1;0;0;60;Sim;1;1;1
845;1009;32;10;5;112;0;60;Sim;1;1;1
845;1003;0;4;4;0;0;60;Sim;1;1;1
845;1002;11;5;1;0;0;60;Sim;1;1;1
845;1001;27;86;53;0;0;60;Sim;1;1;1
876;1023;327;616;568;0;0;30;Sim;1;1;1
876;1021;1234;3383;2892;0;0;30;Sim;1;1;1
876;1010;2374;2387;2346;0;0;30;Sim;1;1;1
876;1009;468;1128;925;0;0;30;Sim;1;1;1
876;1003;398;8;8;0;0;30;Sim;0.666666666666667;0.666666666666667;0.666666666666667
876;1002;1461;1819;1809;0;0;30;Sim;1;1;1
876;1001;6256;2368;2159;0;0;30;Sim;1;1;1
914;1023;2524;3468;3036;0;0;30;Sim;1;1;1
914;1021;1550;4571;4433;0;0;30;Sim;1;1;1
914;1010;10857;10644;8916;0;0;30;Sim;1;1;1
914;1009;3257;5532;3901;3456;0;30;Sim;1;1;1
914;1003;540;384;384;864;0;30;Sim;1;1;1
914;1002;1738;1654;1226;0;0;30;Sim;1;1;1
914;1001;10763;10608;8719;0;0;30;Sim;1;1;1
922;1023;10;70;70;0;0;30;Sim;1;1;1
922;1021;2;39;39;0;0;30;Sim;1;1;1
922;1010;57;721;721;0;0;30;Sim;1;1;1
922;1009;48;89;62;0;0;30;Sim;1;1;1
922;1003;4;35;35;0;0;30;Sim;1;1;1
922;1002;208;239;239;0;0;30;Sim;1;1;1
922;1001;91;99;98;0;0;30;Sim;1;1;1
999;1024;0;0;0;0;0;30;Sim;0;0;0
999;1021;21;27;23;0;0;30;Sim;1;1;1
999;1010;0;1;0;0;0;30;Sim;1;1;1
999;1009;47;56;50;0;0;30;Sim;1;1;1
999;1003;1;0;0;0;2;30;Sim;1;1;1
999;1002;39;17;16;0;0;30;Sim;1;1;1
999;1001;52;137;99;0;0;30;Sim;1;1;1
1058;1023;261;396;396;0;0;30;Sim;1;1;1
1058;1021;655;792;598;432;0;30;Sim;1;1;1
1058;1010;1336;984;849;0;0;30;Sim;1;1;1
1058;1009;837;2976;2555;0;0;30;Sim;1;1;1
1058;1003;149;216;204;0;0;30;Sim;1;1;1
1058;1002;956;2916;2906;0;0;30;Sim;1;1;1
1058;1001;3066;3012;2304;0;0;30;Sim;1;1;1
1096;1023;1;6;6;0;0;60;Sim;1;1;1
1096;1021;0;0;0;0;0;60;Sim;0;0;0
1096;1010;4;5;3;6;0;60;Sim;1;1;1
1096;1009;26;0;0;54;0;60;Sim;0;0;0
1096;1003;0;1;1;0;0;60;Sim;1;1;1
1096;1002;1;0;0;6;0;60;Sim;0;0;0
1096;1001;6;0;0;24;0;60;Sim;0;0;0
1097;1021;1;0;0;0;0;60;Sim;0;0;0
1097;1010;1;3;3;0;0;60;Sim;1;1;1
1097;1009;0;10;10;0;0;60;Sim;1;1;1
1097;1003;0;7;7;0;0;60;Sim;1;1;1
1097;1002;1;5;5;0;0;60;Sim;1;1;1
1097;1001;3;0;0;0;0;60;Sim;0;0;0
1230;1024;0;2;2;0;0;45;Sim;1;1;1
1230;1001;5;29;24;0;0;45;Sim;1;1;1
1262;1009;0;1;0;0;0;30;Sim;1;1;1
1262;1001;0;1;1;0;0;30;Sim;1;1;1
1264;1010;0;1;1;0;0;30;Sim;1;1;1
1264;1003;0;1;1;0;0;30;Sim;1;1;1
1264;1002;0;2;2;0;0;30;Sim;1;1;1
1264;1001;0;1;0;0;0;30;Sim;1;1;1
1283;1009;7;8;8;0;0;60;Sim;1;1;1
1283;1003;0;0;0;270;0;60;Sim;1;1;1
1283;1002;33;0;0;0;0;60;Sim;0;0;0
1283;1001;55;0;0;0;0;60;Sim;0;0;0
1325;1030;0;240;240;0;0;30;Sim;1;1;1
1325;1023;72673;31380;21060;0;0;30;Sim;1;1;1
1325;1021;13516;33361;33361;0;0;30;Sim;1;1;1
1325;1010;215519;176880;144128;74880;0;30;Sim;1;1;1
1325;1009;78936;63840;24372;74880;0;30;Sim;1;1;1
1325;1003;11017;57840;57840;0;0;30;Sim;1;1;1
1325;1002;37964;31923;30773;0;0;30;Sim;1;1;1
1325;1001;210798;258720;256420;0;0;30;Sim;1;1;1
1331;1021;0;50;50;0;0;45;Sim;1;1;1
1331;1010;357;1202;1202;400;0;45;Sim;1;1;1
1331;1009;0;50;50;0;0;45;Sim;1;1;1
1331;1002;179;300;300;200;0;45;Sim;1;1;1
1331;1001;2482;2250;2250;2600;0;45;Sim;1;1;1
1338;1023;29;120;120;0;0;60;Sim;1;1;1
1338;1021;29;180;180;0;0;60;Sim;1;1;1
1338;1010;10;60;60;0;0;60;Sim;1;1;1
1338;1009;29;810;810;0;0;60;Sim;1;1;1
1338;1003;86;210;210;0;0;60;Sim;1;1;1
1338;1002;48;300;300;0;0;60;Sim;1;1;1
1369;1021;4;75;75;0;0;50;Sim;1;1;1
1369;1010;1;15;15;0;0;50;Sim;1;1;1
1369;1009;73;124;49;24;0;50;Sim;1;1;1
1369;1002;1;6;6;0;0;50;Sim;1;1;1
1369;1001;121;89;70;40;0;50;Sim;1;1;1
1375;1024;0;2;2;0;0;30;Sim;1;1;1
1375;1023;2;7;3;0;0;30;Sim;1;1;1
1375;1009;6;7;7;0;0;30;Sim;1;1;1
1375;1002;2;3;3;0;0;30;Sim;1;1;1
1375;1001;0;5;5;0;0;30;Sim;1;1;1
1377;1002;0;4;4;0;0;45;Sim;1;1;1
1377;1001;0;183;183;0;0;45;Sim;1;1;1
1393;1024;4;1;0;0;0;50;Sim;1;1;1
1393;1023;60;4;4;0;0;50;Sim;1;1;1
1393;1021;3;109;109;0;0;50;Sim;1;1;1
1393;1010;0;2;2;0;0;50;Sim;1;1;1
1393;1009;6;43;43;0;0;50;Sim;1;1;1
1393;1003;0;9;9;0;0;50;Sim;1;1;1
1393;1002;17;59;58;0;0;50;Sim;1;1;1
1393;1001;93;79;75;0;0;50;Sim;1;1;1
1418;1024;79;34;0;0;0;30;Sim;1;1;1
1418;1023;57;0;0;0;0;30;Sim;0;0;0
1418;1021;7;4;4;7;0;30;Sim;1;1;1
1418;1010;0;0;0;70;0;30;Sim;1;1;1
1418;1009;41;0;0;163;0;30;Sim;0;0;0
1418;1003;4;6;0;30;0;30;Sim;1;1;1
1418;1002;18;0;0;30;0;30;Sim;0;0;0
1418;1001;420;664;612;0;0;30;Sim;1;1;1
1421;1024;0;1;1;0;0;45;Sim;1;1;1
1421;1023;0;2;2;0;0;45;Sim;1;1;1
1421;1010;0;0;0;0;0;45;Sim;1;1;1
1421;1009;1;2;2;0;0;45;Sim;1;1;1
1421;1001;9;2;0;0;0;45;Sim;1;1;1
1423;1024;0;1;1;0;0;45;Sim;1;1;1
1423;1023;1;2;2;0;0;45;Sim;1;1;1
1423;1009;1;0;0;0;1;45;Sim;1;1;1
1469;1021;12;35;35;0;0;45;Sim;1;1;1
1469;1009;1;2;2;0;0;45;Sim;1;1;1
1469;1002;6;57;57;0;0;45;Sim;1;1;1
1472;1023;2;12;12;0;0;45;Sim;1;1;1
1472;1021;14;25;22;0;0;45;Sim;1;1;1
1472;1010;30;140;139;0;0;45;Sim;1;1;1
1472;1009;31;1493;1491;0;0;45;Sim;1;1;1
1472;1003;1;213;213;0;0;45;Sim;1;1;1
1472;1002;75;104;104;0;0;45;Sim;1;1;1
1472;1001;23;301;300;0;0;45;Sim;1;1;1
1490;1023;2;0;0;0;0;30;Sim;0;0;0
1490;1010;14;0;0;0;0;30;Sim;0;0;0
1490;1009;236;0;0;0;0;30;Sim;0;0;0
1490;1003;3;60;60;0;0;30;Sim;1;1;1
1490;1002;29;0;0;0;0;30;Sim;0;0;0
1490;1001;94;34;34;0;0;30;Sim;1;1;1
1493;1021;4;4;4;0;0;60;Sim;1;1;1
1493;1010;1;1;1;0;0;60;Sim;1;1;1
1493;1009;4;14;14;0;0;60;Sim;1;1;1
1493;1003;16;8;8;0;0;60;Sim;1;1;1
1493;1002;2;6;6;0;0;60;Sim;1;1;1
1493;1001;22;91;91;0;0;60;Sim;1;1;1
1509;1023;1;0;0;0;2;30;Sim;0;0;0
1530;1010;0;2;2;0;0;45;Sim;1;1;1
1530;1009;1;1;0;0;0;45;Sim;1;1;1
1530;1001;12;8;0;0;0;45;Sim;1;1;1
1533;1024;0;5;5;0;0;30;Sim;1;1;1
1533;1023;0;4;4;0;0;30;Sim;1;1;1
1533;1021;0;0;0;0;0;30;Sim;0;0;0
1533;1010;6;13;13;0;0;30;Sim;1;1;1
1533;1009;6;70;70;0;0;30;Sim;1;1;1
1533;1003;1;240;240;0;0;30;Sim;1;1;1
1533;1002;4;0;0;0;0;30;Sim;0;0;0
1533;1001;2;2;2;0;0;30;Sim;1;1;1
1546;1010;1;2;2;0;0;30;Sim;1;1;1
1546;1009;0;0;0;93;0;30;Sim;1;1;1
1546;1003;33;0;0;15;0;30;Sim;0;0;0
1546;1001;288;480;305;0;0;30;Sim;1;1;1
1550;1023;55;0;0;0;0;30;Sim;0;0;0
1550;1010;55;3;0;144;0;30;Sim;1;1;1
1550;1009;0;0;0;144;0;30;Sim;1;1;1
1550;1003;0;0;0;0;0;30;Sim;1;1;1
1550;1001;132;45;17;0;0;30;Sim;1;1;1
1553;1010;1;2;2;0;0;45;Sim;1;1;1
1553;1009;4;0;0;0;2;45;Sim;0;0;0
1553;1003;1;2;2;0;0;45;Sim;1;1;1
1553;1002;1;0;0;0;0;45;Sim;0;0;0
1553;1001;1;1;1;0;0;45;Sim;1;1;1
1575;1024;0;5;5;0;0;30;Sim;1;1;1
1575;1023;1;0;0;0;2;30;Sim;0;0;0
1575;1010;1;159;159;0;0;30;Sim;1;1;1
1575;1009;2;248;248;0;0;30;Sim;1;1;1
1575;1003;0;121;121;0;0;30;Sim;1;1;1
1575;1002;0;33;33;0;0;30;Sim;1;1;1
1575;1001;1;9;9;0;0;30;Sim;1;1;1
1576;1023;0;2;2;0;0;30;Sim;1;1;1
1576;1010;1;3;3;0;0;30;Sim;1;1;1
1576;1009;1;9;9;0;0;30;Sim;1;1;1
1576;1003;0;0;0;0;0;30;Sim;1;1;1
1576;1001;4;0;0;0;0;30;Sim;0;0;0
1578;1021;1;2;1;0;0;60;Sim;1;1;1
1578;1009;3;4;4;0;0;60;Sim;1;1;1
1578;1001;7;18;14;0;0;60;Sim;1;1;1
1600;1001;59;442;292;0;0;45;Sim;1;1;1
1626;1021;4;27;27;0;0;30;Sim;1;1;1
1626;1010;0;2;2;0;0;30;Sim;1;1;1
1626;1009;0;14;2;0;0;30;Sim;1;1;1
1626;1002;0;10;10;0;0;30;Sim;1;1;1
1626;1001;46;41;41;0;0;30;Sim;1;1;1
1627;1021;0;8;8;0;0;45;Sim;1;1;1
1627;1010;113;89;89;50;0;45;Sim;1;1;1
1627;1009;103;367;367;0;0;45;Sim;1;1;1
1627;1002;9;24;24;0;25;45;Sim;1;1;1
1627;1001;1101;480;0;1775;0;45;Sim;1;1;1
1628;1021;215;0;0;96;0;30;Sim;0;0;0
1628;1010;5;17;11;0;0;30;Sim;1;1;1
1628;1009;1;17;7;0;0;30;Sim;1;1;1
1628;1003;0;5;0;0;0;30;Sim;1;1;1
1628;1002;6;0;0;0;0;30;Sim;0;0;0
1628;1001;51;0;0;48;0;30;Sim;0;0;0
1629;1023;12;48;48;0;0;30;Sim;1;1;1
1629;1010;460;104;104;0;0;30;Sim;1;1;1
1629;1009;59;0;0;0;0;30;Sim;0;1;1
1629;1003;0;0;0;96;0;30;Sim;1;1;1
1629;1002;32;0;0;0;0;30;Sim;0;1;1
1629;1001;368;194;194;0;0;30;Sim;1;1;1
1630;1021;252;240;240;48;0;30;Sim;1;1;1
1630;1010;102;0;0;0;0;30;Sim;0;0;0
1630;1009;164;0;0;0;0;30;Sim;0;0;0
1630;1003;17;3;3;240;0;30;Sim;1;1;1
1630;1002;125;200;200;0;0;30;Sim;1;1;1
1630;1001;798;252;252;0;0;30;Sim;1;1;1
1665;1024;1;2;2;0;0;60;Sim;1;1;1
1665;1021;0;77;77;0;0;60;Sim;1;1;1
1665;1010;0;33;33;0;0;60;Sim;1;1;1
1665;1009;3;24;24;0;0;60;Sim;1;1;1
1665;1003;0;69;69;0;0;60;Sim;1;1;1
1665;1002;2;36;31;0;0;60;Sim;1;1;1
1665;1001;4;24;24;0;0;60;Sim;1;1;1
1675;1024;6;1;0;0;0;60;Sim;1;1;1
1675;1023;2;0;0;0;0;60;Sim;0;1;1
1675;1021;0;0;0;0;0;60;Sim;0;1;1
1675;1010;0;0;0;20;0;60;Sim;1;1;1
1675;1009;6;0;0;10;0;60;Sim;0;1;1
1675;1002;3;1;0;5;0;60;Sim;1;1;1
1675;1001;1;1;0;0;0;60;Sim;1;1;1
1680;1023;1;3;3;0;0;60;Sim;1;1;1
1680;1021;4;20;20;0;0;60;Sim;1;1;1
1680;1010;21;28;28;0;0;60;Sim;1;1;1
1680;1009;16;0;0;0;0;60;Sim;0;0;0
1680;1003;5;7;7;0;0;60;Sim;1;1;1
1680;1002;1;0;0;0;0;60;Sim;1;1;1
1680;1001;26;2;2;0;40;60;Sim;1;1;1
1681;1021;0;0;0;0;0;60;Sim;0;0;0
1681;1010;2;4;4;0;0;60;Sim;1;1;1
1681;1009;5;17;17;0;0;60;Sim;1;1;1
1681;1003;0;4;4;0;0;60;Sim;1;1;1
1681;1002;6;3;3;0;0;60;Sim;1;1;1
1681;1001;5;8;8;0;0;60;Sim;1;1;1
1685;1023;11;10;10;0;0;60;Sim;1;1;1
1685;1021;38;0;0;0;0;60;Sim;0;0;0
1685;1010;0;4;4;0;0;60;Sim;1;1;1
1685;1003;0;10;10;0;0;60;Sim;1;1;1
1685;1001;10;10;10;0;0;60;Sim;1;1;1
1701;1023;0;2;2;0;0;60;Sim;1;1;1
1701;1021;76;0;0;0;0;60;Sim;0;0;1
1701;1010;158;11;7;0;0;60;Sim;1;1;1
1701;1009;22;2;2;0;0;60;Sim;1;1;1
1701;1002;3;0;0;15;0;60;Sim;0;0;1
1701;1001;223;0;0;0;0;60;Sim;0;0;1
1704;1021;0;25;25;0;0;30;Sim;1;1;1
1704;1009;1;0;0;0;5;30;Sim;0;1;1
1704;1002;2;3;0;0;0;30;Sim;1;1;1
1704;1001;2;25;5;0;0;30;Sim;1;1;1
1707;1024;0;5;5;0;0;60;Sim;1;1;1
1707;1023;1;3;2;0;0;60;Sim;1;1;1
1707;1021;0;0;0;0;0;60;Sim;0;1;1
1707;1003;0;21;21;0;0;60;Sim;1;1;1
1707;1002;2;0;0;1;0;60;Sim;1;1;1
1707;1001;7;6;4;0;0;60;Sim;1;1;1
1713;1024;8;34;34;0;0;60;Sim;1;1;1
1713;1023;6;18;18;0;0;60;Sim;1;1;1
1713;1021;0;10;10;0;0;60;Sim;1;1;1
1713;1009;1;1;1;0;0;60;Sim;1;1;1
1713;1003;0;12;12;0;0;60;Sim;1;1;1
1713;1002;3;15;15;0;0;60;Sim;1;1;1
1713;1001;39;42;22;0;0;60;Sim;1;1;1
1725;1030;2;6;6;0;0;30;Sim;1;1;1
1725;1023;2;2;2;0;0;30;Sim;1;1;1
1725;1021;0;2;2;0;0;30;Sim;1;1;1
1725;1009;4;5;5;0;0;30;Sim;1;1;1
1725;1002;0;3;3;0;0;30;Sim;1;1;1
1725;1001;0;2;2;0;0;30;Sim;1;1;1
1742;1023;7;0;0;13;0;45;Sim;0;0;0
1742;1021;12;6;3;0;24;45;Sim;1;1;1
1742;1009;2;6;4;0;0;45;Sim;1;1;1
1742;1002;6;0;0;0;0;45;Sim;0;0;0
1742;1001;40;82;76;0;0;45;Sim;1;1;1
1760;1021;18;65;65;27;0;30;Sim;1;1;1
1760;1010;3;6;5;0;0;30;Sim;1;1;1
1760;1009;128;142;0;0;0;30;Sim;1;1;1
1760;1003;0;3;3;0;0;30;Sim;1;1;1
1760;1002;0;0;0;6;0;30;Sim;0;0;0
1760;1001;385;2;0;290;0;30;Sim;0.286624203821656;0.286624203821656;0.286624203821656
1762;1009;1;4;4;0;0;30;Sim;1;1;1
1762;1003;36;70;70;0;0;30;Sim;1;1;1
1778;1024;16;2;0;35;0;60;Sim;1;1;1
1778;1021;23;2;0;32;0;60;Sim;1;1;1
1778;1009;22;19;19;128;0;60;Sim;1;1;1
1778;1002;4;0;0;0;0;60;Sim;0;0;0
1778;1001;43;14;14;48;0;60;Sim;1;1;1
1790;1024;1;2;1;0;0;30;Sim;1;1;1
1790;1023;1;3;3;0;0;30;Sim;1;1;1
1790;1021;0;0;0;0;0;30;Sim;0;0;0
1790;1010;0;19;19;0;0;30;Sim;1;1;1
1790;1009;1;0;0;0;5;30;Sim;0;0;0
1790;1003;1;13;13;0;0;30;Sim;1;1;1
1790;1002;5;15;14;0;0;30;Sim;1;1;1
1790;1001;2;40;39;0;0;30;Sim;1;1;1
1791;1024;241;263;263;92;0;30;Sim;1;1;1
1791;1023;0;100;100;0;0;30;Sim;1;1;1
1791;1021;1586;1865;1865;820;0;30;Sim;1;1;1
1791;1010;0;24;24;0;0;30;Sim;1;1;1
1791;1009;664;59;59;291;0;30;Sim;1;1;1
1791;1003;0;0;0;424;0;30;Sim;0;0;0
1791;1002;856;710;710;352;0;30;Sim;1;1;1
1791;1001;633;808;0;218;0;30;Sim;1;1;1
1802;1024;0;0;0;0;0;60;Sim;1;1;1
1802;1021;37;51;50;0;0;60;Sim;1;1;1
1802;1010;178;8;8;336;0;60;Sim;1;1;1
1802;1009;45;4;2;96;0;60;Sim;1;1;1
1802;1003;4;4;4;672;0;60;Sim;1;1;1
1802;1002;34;2;2;96;0;60;Sim;1;1;1
1802;1001;343;396;361;0;0;60;Sim;1;1;1
1815;1021;17;17;13;0;0;30;Sim;1;1;1
1815;1010;0;0;0;0;0;30;Sim;0;0;0
1815;1009;13;4;4;10;0;30;Sim;1;1;1
1815;1002;0;1;1;0;0;30;Sim;1;1;1
1815;1001;23;19;10;0;0;30;Sim;1;1;1
1824;1023;0;2;2;0;0;60;Sim;1;1;1
1824;1010;0;1;1;0;0;60;Sim;1;1;1
1824;1001;5;11;10;0;0;60;Sim;1;1;1
1827;1030;0;9;9;0;0;60;Sim;1;1;1
1827;1024;2;2;2;0;0;60;Sim;1;1;1
1827;1009;0;1;1;0;0;60;Sim;1;1;1
1827;1001;7;3;3;0;0;60;Sim;1;1;1
1829;1009;0;2;2;0;0;60;Sim;1;1;1
1829;1001;3;8;8;0;0;60;Sim;1;1;1
1888;1023;10;18;14;0;0;60;Sim;1;1;1
1888;1021;0;0;0;0;0;60;Sim;1;1;1
1888;1010;2;61;59;0;0;60;Sim;1;1;1
1888;1009;3;994;993;0;0;60;Sim;1;1;1
1888;1003;1;3;3;0;0;60;Sim;1;1;1
1888;1002;0;50;50;0;0;60;Sim;1;1;1
1888;1001;17;287;280;0;0;60;Sim;1;1;1
1894;1021;4;0;0;6;0;60;Sim;0;1;1
1894;1010;97;3;3;398;0;60;Sim;1;1;1
1894;1009;201;0;0;418;0;60;Sim;0;1;1
1894;1002;501;1;1;2406;0;60;Sim;0.277777777777778;1;1
1894;1001;45;0;0;85;0;60;Sim;0;1;1
1897;1024;0;54;54;0;0;30;Sim;1;1;1
1897;1023;13;112;112;0;0;30;Sim;1;1;1
1897;1021;45;338;336;0;0;30;Sim;1;1;1
1897;1010;49;69;69;0;0;30;Sim;1;1;1
1897;1009;124;121;118;0;0;30;Sim;1;1;1
1897;1003;6;702;702;0;0;30;Sim;1;1;1
1897;1002;17;144;143;0;0;30;Sim;1;1;1
1897;1001;111;241;229;0;0;30;Sim;1;1;1
1903;1024;0;2;2;0;0;60;Sim;1;1;1
1903;1023;1;1;1;0;0;60;Sim;1;1;1
1903;1021;1;20;20;0;0;60;Sim;1;1;1
1903;1010;1;1;1;0;0;60;Sim;1;1;1
1903;1009;8;11;11;0;0;60;Sim;1;1;1
1903;1003;1;3;3;0;0;60;Sim;1;1;1
1903;1002;3;25;25;0;0;60;Sim;1;1;1
1903;1001;6;15;15;0;0;60;Sim;1;1;1
1904;1009;0;30;30;0;0;60;Sim;1;1;1
1904;1001;58;0;0;50;0;60;Sim;0;0;0
1907;1021;0;1;1;0;0;60;Sim;1;1;1
1907;1001;195;70;70;0;0;60;Sim;1;1;1
1915;1024;295;591;417;0;0;60;Sim;1;1;1
1915;1023;168;515;329;0;0;60;Sim;1;1;1
1915;1009;270;408;408;58;0;60;Sim;1;1;1
1915;1003;0;3;3;0;0;60;Sim;1;1;1
1915;1001;199;535;296;0;0;60;Sim;1;1;1
1916;1024;395;894;814;0;0;45;Sim;1;1;1
1916;1023;965;1281;1067;0;0;45;Sim;1;1;1
1916;1021;0;190;190;0;0;45;Sim;1;1;1
1916;1010;132;83;83;0;0;45;Sim;1;1;1
1916;1009;174;275;255;0;0;45;Sim;1;1;1
1916;1003;10;21;21;0;0;45;Sim;1;1;1
1916;1002;59;94;30;0;22;45;Sim;1;1;1
1916;1001;2279;2731;616;0;0;45;Sim;1;1;1
1920;1024;76;22;1;77;0;30;Sim;1;1;1
1920;1023;40;22;6;0;0;30;Sim;1;1;1
1920;1021;200;143;40;134;0;30;Sim;1;1;1
1920;1010;0;1;1;0;0;30;Sim;1;1;1
1920;1009;93;40;40;114;0;30;Sim;1;1;1
1920;1002;56;43;35;34;0;30;Sim;1;1;1
1920;1001;107;53;13;0;0;30;Sim;1;1;1
1937;1021;184;397;294;0;0;60;Sim;1;1;1
1937;1010;457;213;152;823;0;60;Sim;1;1;1
1937;1009;175;53;0;0;0;60;Sim;1;1;1
1937;1003;53;0;0;30;0;60;Sim;0;0;0
1937;1002;148;125;119;0;0;60;Sim;1;1;1
1937;1001;417;133;73;853;0;60;Sim;1;1;1
1945;1021;251;45;2;0;0;60;Sim;1;1;1
1945;1010;642;342;285;1100;0;60;Sim;1;1;1
1945;1009;305;76;0;721;0;60;Sim;1;1;1
1945;1003;84;30;0;165;0;60;Sim;1;1;1
1945;1002;224;18;0;572;0;60;Sim;1;1;1
1945;1001;741;52;0;1962;0;60;Sim;1;1;1
1952;1021;0;5;5;0;0;60;Sim;1;1;1
1952;1002;14;50;50;0;0;60;Sim;1;1;1
1952;1001;99;10;10;200;0;60;Sim;1;1;1
1953;1021;103;109;109;264;0;60;Sim;1;1;1
1953;1010;154;116;106;198;0;60;Sim;1;1;1
1953;1009;93;27;0;237;0;60;Sim;1;1;1
1953;1003;35;0;0;96;0;60;Sim;0;0;0
1953;1002;118;119;109;311;0;60;Sim;1;1;1
1953;1001;297;182;166;807;0;60;Sim;1;1;1
1955;1001;0;1;1;0;0;60;Sim;1;1;1
1961;1021;18;28;28;0;0;60;Sim;1;1;1
1961;1010;21;16;16;0;0;60;Sim;1;1;1
1961;1009;16;13;0;44;0;60;Sim;1;1;1
1961;1003;8;2;2;21;0;60;Sim;1;1;1
1961;1002;19;9;4;51;0;60;Sim;1;1;1
1961;1001;65;24;6;175;0;60;Sim;1;1;1
1995;1024;0;6;0;0;0;25;Sim;1;1;1
1995;1023;1;2;0;0;0;25;Sim;1;1;1
1995;1021;0;1;1;0;0;25;Sim;1;1;1
1995;1009;1;1;0;0;0;25;Sim;1;1;1
1995;1002;1;0;0;0;0;25;Sim;0;0;0
1995;1001;12;2;0;0;0;25;Sim;1;1;1
1997;1024;9;1;1;5;0;30;Sim;1;1;1
1997;1023;30;68;68;11;0;30;Sim;1;1;1
1997;1021;7;0;0;14;0;30;Sim;0;0;0
1997;1010;2;1;1;21;0;30;Sim;1;1;1
1997;1003;0;1;1;0;0;30;Sim;1;1;1
1997;1002;25;59;59;0;0;30;Sim;1;1;1
1997;1001;13;49;42;0;0;30;Sim;1;1;1
2006;1032;2109;66;66;0;2500;45;Sim;0.938833570412518;0.938833570412518;0.938833570412518
2006;1031;2228;6625;6625;0;0;45;Sim;1;1;1
2006;1030;0;50;50;0;0;45;Sim;1;1;1
2006;1029;1021;2793;2793;0;0;45;Sim;1;1;1
2006;1028;4920;4209;4209;0;0;45;Sim;1;1;1
2006;1026;532;1722;1722;0;0;45;Sim;1;1;1
2065;1021;0;0;0;12;0;50;Sim;1;1;1
2065;1010;29;55;55;8;0;50;Sim;1;1;1
2065;1009;40;59;52;32;0;50;Sim;1;1;1
2065;1001;10;4;1;14;0;50;Sim;1;1;1
2083;1023;0;4;4;0;0;30;Sim;1;1;1
2083;1021;0;1;1;0;0;30;Sim;1;1;1
2083;1010;1;3;3;0;0;30;Sim;1;1;1
2083;1009;15;24;24;0;0;30;Sim;1;1;1
2083;1002;2;2;2;0;0;30;Sim;1;1;1
2083;1001;6;8;7;0;0;30;Sim;1;1;1
2117;1021;2;3;3;0;0;60;Sim;1;1;1
2117;1010;25;0;0;0;0;60;Sim;0;0;0
2117;1009;39;83;82;0;0;60;Sim;1;1;1
2117;1003;1;0;0;0;0;60;Sim;0;0;0
2117;1002;5;20;20;0;0;60;Sim;1;1;1
2117;1001;39;1;0;20;0;60;Sim;1;1;1
2123;1024;79;121;121;0;0;60;Sim;1;1;1
2123;1009;63;144;144;23;0;60;Sim;1;1;1
2123;1002;63;21;21;46;100;60;Sim;1;1;1
2123;1001;5;24;24;0;0;60;Sim;1;1;1
2131;1009;14;12;12;0;0;60;Sim;1;1;1
2131;1003;0;17;17;0;0;60;Sim;1;1;1
2131;1002;0;5;5;0;0;60;Sim;1;1;1
2131;1001;8;13;13;0;0;60;Sim;1;1;1
2158;1021;0;0;0;0;0;60;Sim;0;0;0
2158;1009;0;58;58;0;0;60;Sim;1;1;1
2158;1003;0;36;36;0;0;60;Sim;1;1;1
2158;1002;5;8;8;0;0;60;Sim;1;1;1
2159;1021;1861;643;201;1520;0;45;Sim;1;1;1
2159;1010;3116;8440;8440;1946;0;45;Sim;1;1;1
2159;1009;11099;21045;19834;1266;0;45;Sim;1;1;1
2159;1003;99;182;182;0;0;45;Sim;1;1;1
2159;1002;1020;2230;2230;890;0;45;Sim;1;1;1
2159;1001;15850;17875;14819;10128;0;45;Sim;1;1;1
2164;1003;5;0;0;0;0;60;Sim;0;1;1
2183;1024;8;11;11;0;0;60;Sim;1;1;1
2183;1023;3;4;4;0;0;60;Sim;1;1;1
2183;1021;4;4;4;0;0;60;Sim;1;1;1
2183;1009;6;0;0;0;0;60;Sim;0;0;0
2183;1001;12;14;14;0;0;60;Sim;1;1;1
2189;1002;0;6;6;0;0;60;Sim;1;1;1
2189;1001;0;25;25;48;0;60;Sim;1;1;1
2199;1023;16;0;0;0;0;45;Sim;0;0;0
2199;1021;31;0;0;0;0;45;Sim;0;0;0
2199;1010;50;19;15;0;0;45;Sim;1;1;1
2199;1009;18;2;0;0;0;45;Sim;1;1;1
2199;1003;1;2;2;0;0;45;Sim;1;1;1
2199;1002;37;4;0;0;0;45;Sim;1;1;1
2199;1001;156;8;0;0;0;45;Sim;1;1;1
2206;1021;0;6;6;0;0;50;Sim;1;1;1
2206;1010;0;6;6;0;0;50;Sim;1;1;1
2206;1009;19;24;24;0;0;50;Sim;1;1;1
2206;1003;3;8;8;0;0;50;Sim;1;1;1
2206;1002;0;4;4;0;0;50;Sim;1;1;1
2211;1024;82;240;222;0;0;30;Sim;1;1;1
2211;1023;101;148;92;10;0;30;Sim;1;1;1
2211;1021;119;142;118;10;0;30;Sim;1;1;1
2211;1010;118;207;177;0;0;30;Sim;1;1;1
2211;1009;0;1;1;0;0;30;Sim;1;1;1
2211;1003;14;55;51;0;0;30;Sim;1;1;1
2211;1002;149;208;196;0;0;30;Sim;1;1;1
2211;1001;520;592;314;0;0;30;Sim;1;1;1
2218;1024;6;179;172;0;0;60;Sim;1;1;1
2218;1010;0;2;2;0;0;60;Sim;1;1;1
2218;1009;0;2;0;0;0;60;Sim;1;1;1
2218;1003;1;0;0;0;2;60;Sim;1;1;1
2218;1001;179;89;85;0;0;60;Sim;1;1;1
2219;1024;0;1;0;0;0;60;Sim;1;1;1
2219;1010;0;0;0;0;0;60;Sim;1;1;1
2219;1009;0;48;48;0;0;60;Sim;1;1;1
2219;1003;0;1;1;0;0;60;Sim;1;1;1
2219;1002;1;10;10;0;0;60;Sim;1;1;1
2219;1001;107;112;0;11;0;60;Sim;1;1;1
2223;1023;2;5;5;0;0;60;Sim;1;1;1
2223;1010;0;2;2;0;0;60;Sim;1;1;1
2223;1009;0;1;1;0;0;60;Sim;1;1;1
2223;1001;11;19;19;0;0;60;Sim;1;1;1
2226;1024;46;0;0;61;0;60;Sim;0;0;1
2226;1023;26;0;0;0;0;60;Sim;0;0;1
2226;1021;0;2;2;0;0;60;Sim;1;1;1
2226;1010;0;0;0;5;0;60;Sim;0;0;1
2226;1009;33;0;0;81;0;60;Sim;0;0;1
2226;1003;13;0;0;205;0;60;Sim;0;0;1
2226;1002;61;98;0;43;0;60;Sim;1;1;1
2226;1001;160;1;0;72;0;60;Sim;0.265486725663717;0.265486725663717;1
2251;1021;25;5;5;39;0;60;Sim;1;1;1
2251;1010;90;0;0;334;0;60;Sim;0;0;0
2251;1009;33;0;0;150;0;60;Sim;0;0;0
2251;1002;315;78;63;0;0;60;Sim;1;1;1
2251;1001;114;443;430;464;0;60;Sim;1;1;1
2252;1021;24;0;0;65;0;60;Sim;0;0;0
2252;1010;138;6;6;630;0;60;Sim;1;1;1
2252;1009;98;0;0;214;0;60;Sim;0;0;0
2252;1003;9;0;0;17;0;60;Sim;0;0;0
2252;1002;668;6;1;2454;0;60;Sim;0.509915014164306;0.509915014164306;0.509915014164306
2252;1001;246;97;0;491;0;60;Sim;1;1;1
2257;1021;45;275;272;0;0;60;Sim;1;1;1
2257;1010;53;33;33;137;0;60;Sim;1;1;1
2257;1009;134;0;0;274;0;60;Sim;0;0;0
2257;1003;9;1;1;12;0;60;Sim;1;1;1
2257;1002;433;67;63;1922;0;60;Sim;1;1;1
2257;1001;229;45;15;278;0;60;Sim;1;1;1
2290;1024;0;2;1;0;0;60;Sim;1;1;1
2290;1023;1;5;5;0;0;60;Sim;1;1;1
2290;1021;2;8;8;0;0;60;Sim;1;1;1
2290;1010;10;33;33;0;0;60;Sim;1;1;1
2290;1009;21;26;25;0;0;60;Sim;1;1;1
2290;1003;0;20;20;0;0;60;Sim;1;1;1
2290;1002;5;42;42;0;0;60;Sim;1;1;1
2290;1001;10;56;55;0;0;60;Sim;1;1;1
2304;1023;28;57;57;0;0;45;Sim;1;1;1
2304;1021;91;802;802;0;0;45;Sim;1;1;1
2304;1010;137;393;378;0;0;45;Sim;1;1;1
2304;1009;55;263;257;0;0;45;Sim;1;1;1
2304;1003;53;730;730;0;0;45;Sim;1;1;1
2304;1002;60;486;480;0;0;45;Sim;1;1;1
2304;1001;19;2579;2579;0;0;45;Sim;1;1;1
2314;1009;0;9;9;0;0;60;Sim;1;1;1
2314;1003;0;3;3;0;0;60;Sim;1;1;1
2314;1001;3;4;4;0;0;60;Sim;1;1;1
2322;1021;0;10;10;0;0;50;Sim;1;1;1
2322;1010;40;92;92;0;0;50;Sim;1;1;1
2322;1009;87;38;27;0;125;50;Sim;1;1;1
2322;1003;3;11;11;0;0;50;Sim;1;1;1
2322;1002;0;5;5;0;0;50;Sim;1;1;1
2322;1001;30;9;4;15;0;50;Sim;1;1;1
2336;1023;0;1000;1000;0;0;45;Sim;1;1;1
2336;1021;38;300;300;0;0;45;Sim;1;1;1
2336;1010;2331;3750;3750;0;0;45;Sim;1;1;1
2336;1009;414;47010;47010;0;0;45;Sim;1;1;1
2336;1003;113;308;308;0;0;45;Sim;1;1;1
2336;1002;301;556;556;0;0;45;Sim;1;1;1
2336;1001;827;4200;4200;0;0;45;Sim;1;1;1
2337;1009;0;2;2;0;0;45;Sim;1;1;1
2337;1001;2;1;0;0;0;45;Sim;1;1;1
2338;1023;0;0;0;0;0;45;Sim;0;0;0
2338;1009;4;10;10;0;0;45;Sim;1;1;1
2338;1003;0;0;0;0;0;45;Sim;0;0;0
2338;1002;1;1;1;0;0;45;Sim;1;1;1
2338;1001;0;1;1;0;0;45;Sim;1;1;1
2339;1023;0;8;8;0;0;60;Sim;1;1;1
2339;1021;0;2;2;0;0;60;Sim;1;1;1
2339;1009;18;1;1;50;0;60;Sim;1;1;1
2339;1002;12;0;0;25;0;60;Sim;0;0;0
2339;1001;1;0;0;0;0;60;Sim;0;0;0
2346;1024;0;1;1;0;0;60;Sim;1;1;1
2346;1023;0;8;8;0;0;60;Sim;1;1;1
2346;1021;1;4;4;0;0;60;Sim;1;1;1
2346;1010;8;12;12;0;0;60;Sim;1;1;1
2346;1009;13;2;2;0;20;60;Sim;1;1;1
2346;1003;1;2;2;0;0;60;Sim;1;1;1
2346;1002;2;11;11;0;0;60;Sim;1;1;1
2346;1001;6;10;10;0;0;60;Sim;1;1;1
2373;1024;0;1;1;0;0;45;Sim;1;1;1
2373;1023;6;2;2;0;0;45;Sim;1;1;1
2373;1021;0;30;30;0;0;45;Sim;1;1;1
2373;1010;0;76;56;0;0;45;Sim;1;1;1
2373;1009;49;28;28;0;0;45;Sim;1;1;1
2373;1003;0;4;4;0;0;45;Sim;1;1;1
2373;1002;34;288;288;0;0;45;Sim;1;1;1
2373;1001;15;242;242;0;0;45;Sim;1;1;1
2382;1024;34;21;9;0;0;60;Sim;1;1;1
2382;1021;53;0;0;60;0;60;Sim;0;0;0
2382;1010;0;0;0;20;0;60;Sim;1;1;1
2382;1002;6;0;0;0;0;60;Sim;0;0;0
2382;1001;29;0;0;20;15;60;Sim;0;0;0
2387;1024;23;10;0;0;0;45;Sim;1;1;1
2387;1023;60;49;37;0;0;45;Sim;1;1;1
2387;1021;18;21;18;0;0;45;Sim;1;1;1
2387;1009;14;11;0;0;0;45;Sim;1;1;1
2387;1003;4;3;3;0;0;45;Sim;1;1;1
2387;1002;23;22;22;0;0;45;Sim;1;1;1
2387;1001;55;41;38;0;0;45;Sim;1;1;1
2443;1001;0;1;1;0;0;60;Sim;1;1;1
2451;1021;4;17;0;0;0;30;Sim;1;1;1
2451;1010;232;156;0;172;0;30;Sim;1;1;1
2451;1009;360;0;0;162;0;30;Sim;0;0;0
2451;1003;1;0;0;0;0;30;Sim;0;0;0
2451;1002;65;0;0;84;0;30;Sim;0;0;0
2451;1001;174;0;0;108;0;30;Sim;0;0;0
2452;1021;151;96;36;92;0;30;Sim;1;1;1
2452;1010;32;16;0;36;0;30;Sim;1;1;1
2452;1009;19;17;0;13;0;30;Sim;1;1;1
2452;1002;8;8;0;4;0;30;Sim;1;1;1
2452;1001;36;14;0;53;0;30;Sim;1;1;1
2459;1024;69;125;116;0;20;60;Sim;1;1;1
2459;1023;53;44;32;0;0;60;Sim;1;1;1
2459;1021;32;19;15;0;0;60;Sim;1;1;1
2459;1010;23;42;42;0;0;60;Sim;1;1;1
2459;1009;48;199;196;0;40;60;Sim;1;1;1
2459;1003;22;32;27;0;0;60;Sim;1;1;1
2459;1002;28;108;107;140;0;60;Sim;1;1;1
2459;1001;71;27;5;20;0;60;Sim;1;1;1
2513;1023;29;74;72;0;0;30;Sim;1;1;1
2513;1021;1;36;36;0;0;30;Sim;1;1;1
2513;1010;24;31;28;0;0;30;Sim;1;1;1
2513;1009;17;79;68;0;0;30;Sim;1;1;1
2513;1003;48;223;223;0;0;30;Sim;1;1;1
2513;1002;47;50;50;0;0;30;Sim;1;1;1
2513;1001;4;1;0;30;0;30;Sim;1;1;1
2516;1023;2;57;57;0;0;30;Sim;1;1;1
2516;1021;1;6;6;0;0;30;Sim;1;1;1
2516;1010;6;112;112;0;0;30;Sim;1;1;1
2516;1009;12;23;20;0;0;30;Sim;1;1;1
2516;1003;18;42;42;0;0;30;Sim;1;1;1
2516;1002;8;37;36;0;0;30;Sim;1;1;1
2516;1001;3;136;134;0;0;30;Sim;1;1;1
2517;1023;11;30;28;0;0;30;Sim;1;1;1
2517;1021;2;14;14;0;0;30;Sim;1;1;1
2517;1010;17;4;2;0;0;30;Sim;1;1;1
2517;1009;23;52;39;0;0;30;Sim;1;1;1
2517;1003;35;23;23;0;0;30;Sim;1;1;1
2517;1002;30;30;29;0;0;30;Sim;1;1;1
2517;1001;1;0;0;0;0;30;Sim;1;1;1
2558;1024;257;2000;2000;0;0;45;Sim;1;1;1
2558;1021;1458;1538;1538;0;0;45;Sim;1;1;1
2558;1010;30;3016;3016;0;0;45;Sim;1;1;1
2558;1009;794;12969;12969;0;0;45;Sim;1;1;1
2558;1002;41;1444;1444;0;0;45;Sim;1;1;1
2558;1001;18;25542;25542;0;0;45;Sim;1;1;1
2575;1023;3;3;3;0;0;60;Sim;1;1;1
2575;1021;1;2;2;0;0;60;Sim;1;1;1
2575;1010;10;13;13;0;0;60;Sim;1;1;1
2575;1009;51;46;46;0;0;60;Sim;1;1;1
2575;1003;38;0;0;0;27;60;Sim;0;0;0
2575;1002;3;6;6;0;0;60;Sim;1;1;1
2575;1001;40;45;45;0;0;60;Sim;1;1;1
2618;1023;45;7;0;0;0;45;Sim;1;1;1
2618;1021;16;0;0;0;0;45;Sim;0;0;0
2618;1010;11;0;0;15;0;45;Sim;0;0;0
2618;1009;37;1;0;274;0;45;Sim;0.731707317073171;0.731707317073171;0.731707317073171
2618;1003;1;0;0;0;0;45;Sim;1;1;1
2618;1002;14;12;0;10;0;45;Sim;1;1;1
2618;1001;91;0;0;0;0;45;Sim;0;0;0
2619;1023;4;0;0;0;0;60;Sim;0;0;0
2619;1009;6;0;0;0;0;60;Sim;0;0;0
2619;1002;38;0;0;0;0;60;Sim;0;0;0
2619;1001;3;8;8;0;0;60;Sim;1;1;1
2632;1023;81;1;1;0;0;30;Sim;0.393013100436681;0.393013100436681;0.393013100436681
2632;1021;0;1;1;0;0;30;Sim;1;1;1
2632;1010;96;0;0;0;0;30;Sim;0;0;0
2632;1009;335;0;0;0;0;30;Sim;0;0;0
2632;1003;48;0;0;0;0;30;Sim;0;0;0
2632;1002;85;2;0;0;0;30;Sim;0.743801652892562;0.743801652892562;0.743801652892562
2632;1001;237;12;12;0;0;30;Sim;1;1;1
2633;1023;3;2;2;0;0;30;Sim;1;1;1
2633;1021;0;0;0;0;0;30;Sim;1;1;1
2633;1010;123;0;0;0;0;30;Sim;0;0;0
2633;1009;191;0;0;0;0;30;Sim;0;0;0
2633;1003;96;0;0;0;0;30;Sim;0;0;0
2633;1002;140;4;0;0;0;30;Sim;0.372670807453416;0.372670807453416;0.372670807453416
2633;1001;253;1;0;0;0;30;Sim;0.051605504587156;0.051605504587156;0.051605504587156
2637;1030;0;4;4;0;0;30;Sim;1;1;1
2638;1024;28;39;38;0;0;60;Sim;1;1;1
2638;1023;55;37;21;0;133;60;Sim;1;1;1
2638;1021;55;46;46;0;0;60;Sim;1;1;1
2638;1010;0;5;5;0;0;60;Sim;1;1;1
2638;1009;29;5;5;0;0;60;Sim;1;1;1
2638;1003;0;9;5;0;0;60;Sim;1;1;1
2638;1002;13;0;0;0;15;60;Sim;0;0;0
2638;1001;139;34;0;0;230;60;Sim;1;1;1
2641;1030;0;8;8;0;0;50;Sim;1;1;1
2641;1023;1;1;1;0;0;50;Sim;1;1;1
2641;1009;8;8;8;0;0;50;Sim;1;1;1
2641;1003;0;0;0;8;0;50;Sim;1;1;1
2641;1002;1;0;0;0;0;50;Sim;0;0;0
2641;1001;3;3;3;0;0;50;Sim;1;1;1
2650;1024;106;253;202;0;0;30;Sim;1;1;1
2650;1023;4;36;19;0;0;30;Sim;1;1;1
2650;1021;41;95;90;0;0;30;Sim;1;1;1
2650;1010;5;10;6;0;0;30;Sim;1;1;1
2650;1009;70;503;494;0;0;30;Sim;1;1;1
2650;1003;0;3;3;0;0;30;Sim;1;1;1
2650;1002;177;391;382;20;0;30;Sim;1;1;1
2650;1001;319;602;251;30;0;30;Sim;1;1;1
2660;1023;6;1;1;0;0;60;Sim;1;1;1
2660;1010;0;1;1;0;0;60;Sim;1;1;1
2660;1001;20;3;0;0;0;60;Sim;1;1;1
2663;1024;1;0;0;0;0;60;Sim;0;0;0
2663;1001;1;0;0;0;0;60;Sim;0;0;0
2670;1024;28;27;22;0;0;60;Sim;1;1;1
2670;1021;2;1;1;3;0;60;Sim;1;1;1
2670;1010;1;0;0;44;0;60;Sim;0;1;1
2670;1009;0;0;0;0;0;60;Sim;0;1;1
2670;1003;2;5;5;0;0;60;Sim;1;1;1
2670;1002;16;13;13;28;0;60;Sim;1;1;1
2670;1001;267;10;0;360;0;60;Sim;0.742574257425743;1;1
2671;1024;73;31;31;0;0;60;Sim;1;1;1
2671;1021;216;151;151;150;0;60;Sim;1;1;1
2671;1010;0;0;0;50;0;60;Sim;1;1;1
2671;1009;37;168;168;39;0;60;Sim;1;1;1
2671;1003;5;70;70;0;0;60;Sim;1;1;1
2671;1002;72;52;52;50;0;60;Sim;1;1;1
2671;1001;1735;705;281;1640;0;60;Sim;1;1;1
2694;1023;20;61;61;0;0;30;Sim;1;1;1
2694;1021;0;778;778;0;0;30;Sim;1;1;1
2694;1010;20;1640;1640;0;0;30;Sim;1;1;1
2694;1009;64;766;766;0;0;30;Sim;1;1;1
2694;1003;34;823;823;0;0;30;Sim;1;1;1
2694;1002;14;525;525;0;0;30;Sim;1;1;1
